stim,set,angle,perm,tex,mirror,possible,tau,nuis,style,steps,seed,w1,w2,w3,scale,r2,commit,zre,zim,corner,slope0,slope1,slope2,prof0,prof1,prof2,prof3,prof4,prof5,prof6,prof7,prof8,prof9,prof10,prof11,prof12,prof13,prof14
A_a000_p0_t0,A,0,0,0,False,-1,-1.0,,texture,1,-1,0.0,0.11,0.89,-0.005302800468853483,0.6567907476067577,0.8404165633779478,-0.5000000000000003,-0.675499814951862,2,3.6725203072365926,1.6256579887205727,1.0989066986844365,0.07263613,0.05110969,0.06512144,0.07612302,0.08505205,0.08525861,0.06530494,0.07841037,0.086553186,0.07923871,0.059456214,0.044636354,0.049207386,0.05163358,0.055081308
A_a000_p0_t0_m,A,0,0,0,True,-1,-1.0,,texture,1,-1,0.45,0.0,0.55,-0.013337217111699618,0.7437936422839595,0.5074445782546108,0.17499999999999977,-0.47631397208144116,2,0.6998468401000397,2.3859235355150488,0.3285505059158049,0.0484777,0.04030286,0.04737428,0.05455754,0.05593434,0.07533423,0.062987305,0.09701811,0.11196578,0.11945879,0.07228029,0.0580901,0.06285596,0.06765545,0.064952716
A_a015_p0_t0,A,15,0,0,False,-1,-1.0,,texture,1,-1,0.0,0.23,0.77,-0.009360770864961405,0.3924425754742704,0.6846166810705098,-0.5000000000000003,-0.4676537180435966,2,4.406849364757201,-2.250844013620979,0.4378459772608596,0.047913678,0.041166812,0.0637523,0.08660293,0.11294228,0.10911845,0.0821549,0.071910076,0.05842576,0.04609921,0.035291277,0.028697845,0.031921744,0.032165095,0.036504816
A_a015_p0_t0_m,A,15,0,0,True,-1,-1.0,,texture,1,-1,0.03,0.0,0.97,-0.009381416482861981,0.6388297341950198,0.955353337776134,-0.4550000000000004,-0.8400446416709052,2,3.752682102449892,-1.5339653885547473,-0.4311404658795242,0.041905787,0.027681109,0.046494707,0.067119956,0.08856222,0.11034346,0.09762463,0.09661558,0.09058434,0.07193868,0.04511198,0.035838664,0.036949094,0.030546386,0.030188484
A_a030_p0_t0,A,30,0,0,False,-1,-1.0,,texture,1,-1,0.42,0.0,0.58,-0.007855536058497804,0.8066116535329466,0.5188448708429136,0.12999999999999973,-0.5022947341949742,2,0.39032061951305885,2.244136584951025,1.2068685783392021,0.048441112,0.04573019,0.04948996,0.051875334,0.05086258,0.05948359,0.060186088,0.07535884,0.07536509,0.09426408,0.055258993,0.047421876,0.053255662,0.057225745,0.064426355
A_a030_p0_t0_m,A,30,0,0,True,-1,-1.0,,texture,1,-1,0.0,0.4,0.6,-0.008056368358798378,0.782754803265473,0.5291502622129183,-0.5000000000000002,-0.1732050807568875,2,1.7070239121530093,-0.3480887120645082,2.076699558791726,0.054573253,0.06379516,0.07063717,0.07595647,0.08860814,0.061438955,0.064858794,0.07245101,0.06963311,0.06037678,0.04398123,0.03279395,0.04498546,0.05257246,0.062608555
A_a045_p0_t0,A,45,0,0,False,-1,-1.0,,texture,1,-1,0.76,0.24,0.0,-0.0072346055320654445,0.2923887695772692,0.672904153650429,0.6400000000000001,0.20784609690826528,0,-1.1362879334980753,5.881045035947962,-0.6052394207427568,0.08043481,0.061243385,0.057288002,0.0544944,0.04632176,0.040072918,0.03540641,0.05107621,0.07173037,0.110570595,0.11976518,0.08998728,0.08200745,0.081863075,0.08159146
A_a045_p0_t0_m,A,45,0,0,True,-1,-1.0,,texture,1,-1,0.0,0.12,0.88,0.008852659844394286,0.5536349353700922,0.826559132790873,-0.5000000000000003,-0.6581793068761732,2,0.19830553072864435,-2.7528090071528775,0.719288840073574,0.080463156,0.062482342,0.062186662,0.061282,0.05939848,0.038700555,0.035376787,0.049700063,0.058354408,0.07948718,0.14117466,0.08957265,0.09235345,0.08666044,0.07919083
A_a060_p0_t0,A,60,0,0,False,-1,-1.0,,texture,1,-1,0.89,0.11,0.0,-0.007692547326951649,0.4287456078118944,0.8404165633779478,0.8350000000000001,0.09526279441628825,0,-0.9261928010768953,6.151604408882772,-0.37623047501433554,0.05367057,0.045453332,0.044364303,0.04227274,0.032430064,0.036064364,0.027075374,0.04366197,0.06077961,0.112498276,0.104966,0.07904711,0.0785145,0.07848163,0.07348466
A_a060_p0_t0_m,A,60,0,0,True,-1,-1.0,,texture,1,-1,0.7,0.0,0.3,-0.0069394480597996565,0.39564808504642257,0.6082762530298218,0.5499999999999998,-0.2598076211353315,0,0.23845778853655647,5.1472958113355824,0.03291805482912076,0.044068772,0.043396637,0.044797353,0.04615226,0.046131644,0.0657938,0.04108131,0.06253878,0.07206144,0.106693245,0.092737295,0.06284933,0.06305559,0.065084,0.06261309
A_a075_p0_t0,A,75,0,0,False,-1,-1.0,,texture,1,-1,0.35,0.65,0.0,-0.005505154491873878,0.44296719699196474,0.5634713834792323,0.025000000000000133,0.5629165124598852,1,-1.515754637297499,2.4405610587986413,2.781921516493067,0.071561165,0.057853065,0.05381924,0.049558673,0.043141045,0.039229646,0.026776187,0.032387197,0.039016746,0.05054128,0.05081786,0.04612448,0.05740559,0.06487812,0.07324169
A_a075_p0_t0_m,A,75,0,0,True,-1,-1.0,,texture,1,-1,0.69,0.31,0.0,-0.013857673839128466,0.6997282237949314,0.5985816569190874,0.535,0.268467875173176,0,-0.537164669622738,1.7779382478775592,0.4633653931055232,0.070947476,0.06242474,0.059436068,0.05353715,0.049999975,0.047687918,0.034595538,0.04937591,0.05917092,0.07896293,0.1140008,0.10183962,0.10808286,0.112405255,0.11281275
A_a090_p0_t0,A,90,0,0,False,-1,-1.0,,texture,1,-1,1.0,0.0,0.0,-0.011254143230991082,0.7861865803534334,1.0,1.0,0.0,0,-0.28188770691481435,3.7497371173029896,-0.02041601285073513,0.049219362,0.04573017,0.047719263,0.046952397,0.039808046,0.048252743,0.051731948,0.07434389,0.08974682,0.12877548,0.10854236,0.11004314,0.11348204,0.11474431,0.10917495
A_a090_p0_t0_m,A,90,0,0,True,-1,-1.0,,texture,1,-1,0.98,0.0,0.02,-0.012234431231865666,0.8540400328405073,0.9701546268507922,0.97,-0.01732050807568877,0,-0.16610724868392623,2.668480029375454,0.24099234933857722,0.054088198,0.0513981,0.05234369,0.04548738,0.0497261,0.058251638,0.06507498,0.09327514,0.10528987,0.12464549,0.11905055,0.11707467,0.12091467,0.12570359,0.1212199
A_a105_p0_t0,A,105,0,0,False,-1,-1.0,,texture,1,-1,0.0,0.13,0.87,0.012274216369384958,0.8405615546316043,0.8128345465099278,-0.5000000000000003,-0.6408587988004844,2,0.16221871438619703,-0.3639788108488425,-0.15194479644315623,0.0620843,0.043859717,0.047265213,0.047585655,0.03991931,0.03422828,0.028713427,0.033052042,0.031923153,0.037691362,0.10292044,0.08968951,0.09949443,0.10062323,0.09290404
A_a105_p0_t0_m,A,105,0,0,True,-1,-1.0,,texture,1,-1,0.67,0.33,0.0,-0.004010634591372038,0.5228650201451988,0.5802585630561604,0.5050000000000001,0.2857883832488648,0,-0.3824584252005345,3.167494241224042,1.3562892245786444,0.0526672,0.04395234,0.052377366,0.05097051,0.041467983,0.041350707,0.03765604,0.045782983,0.048221957,0.061302133,0.06773545,0.05484999,0.05773171,0.06260739,0.0636979
B_a000_k0,B,0,0,0,False,0,-1.0,,texture,1,-1,0.96,0.04,0.0,0.017278835297820143,0.9436352517215097,0.9406380813043878,0.94,0.034641016151377546,0,-0.0978824077538672,0.7967805467830871,0.356279532075171,0.14626768,0.12853643,0.120430164,0.12192458,0.13130453,0.12570406,0.090532474,0.08412795,0.07962701,0.06544502,0.04479803,0.032836977,0.03355749,0.028395947,0.022668801
B_a000_k0_m,B,0,0,0,True,0,-1.0,,texture,1,-1,0.74,0.26,0.0,0.031476440260834716,0.7951143227656462,0.6502307282803544,0.6100000000000001,0.22516660498395408,0,-0.7490568063185248,0.6058210024336826,0.37981323348429225,0.15916182,0.14115262,0.15492252,0.17266513,0.18077171,0.18011007,0.16299479,0.16555533,0.15407202,0.12999621,0.053908564,0.036945183,0.034181666,0.025933396,0.016606707
B_a000_k1,B,0,0,0,False,1,-1.0,,texture,1,-1,0.1,0.9,0.0,0.022947904847784473,0.9167276166868352,0.8544003745317531,-0.34999999999999976,0.7794228634059949,1,0.8988679523161138,0.011355211604190993,0.08446083307861134,0.0893354,0.051015984,0.047258046,0.030702341,0.016366534,0.18578802,0.14768693,0.17573932,0.1712386,0.14867973,0.097224,0.08605185,0.08597465,0.0845525,0.08275157
B_a000_k1_m,B,0,0,0,True,1,-1.0,,texture,1,-1,0.13,0.87,0.0,0.04051281504216871,0.9034729296089773,0.8128345465099278,-0.3049999999999998,0.7534421012924617,1,0.30280220168098576,0.4237856405943647,0.25530996681769996,0.0710337,0.048135415,0.04343144,0.03498315,0.027062789,0.2587188,0.2547132,0.26735148,0.25222635,0.22632155,0.113912925,0.09953458,0.09737308,0.08996396,0.08186233
B_a000_k2,B,0,0,0,False,2,-1.0,,texture,1,-1,0.0,0.12,0.88,0.01851709889276588,0.9208862467782682,0.826559132790873,-0.5000000000000003,-0.6581793068761732,2,-0.30498475069301695,0.4537905544233403,0.771590278918383,0.103630565,0.06947617,0.07131468,0.07566233,0.07893331,0.072057344,0.046787746,0.052728537,0.05272944,0.030559741,0.1512469,0.15556689,0.14590573,0.13945954,0.13012329
B_a000_k2_m,B,0,0,0,True,2,-1.0,,texture,1,-1,0.0,0.19,0.81,0.02379220609425598,0.8767656098913033,0.7336893075410055,-0.5000000000000003,-0.5369357503463518,2,0.4213085029252176,-0.17097124022610447,0.45344246454088216,0.09517763,0.06440516,0.058462486,0.054531317,0.04635741,0.05633941,0.028611027,0.04832122,0.050299194,0.03580743,0.16034038,0.1460425,0.16939065,0.14972891,0.13176179
B_a015_k0,B,15,0,0,False,0,-1.0,,texture,1,-1,0.84,0.16,0.0,0.022848994720193045,0.7720525989245853,0.7725283166331186,0.76,0.13856406460551018,0,-1.1136629845704409,1.5930829691936546,0.3276889736973838,0.118120044,0.11637224,0.13977362,0.15493745,0.1609121,0.16194537,0.13104907,0.11197701,0.08895753,0.06777788,0.039997965,0.028871734,0.030094448,0.023991358,0.01631321
B_a015_k0_m,B,15,0,0,True,0,-1.0,,texture,1,-1,0.79,0.21,0.0,0.021781392069104878,0.8534858282124799,0.7087312607751969,0.685,0.18186533479473213,0,-0.707907741420147,1.1593855794980794,0.49129290145866766,0.11823474,0.10376957,0.11329605,0.12354169,0.13040644,0.13108969,0.11586188,0.106324255,0.09163837,0.07153896,0.03912179,0.026715973,0.02569493,0.015704092,0.009189898
B_a015_k1,B,15,0,0,False,1,-1.0,,texture,1,-1,0.19,0.81,0.0,0.019533618970370648,0.9326190944017204,0.7336893075410054,-0.21499999999999986,0.7014805770653953,1,0.16480070659198756,1.296157319772924,0.18571071958212262,0.045888387,0.032970976,0.035559487,0.032033302,0.02795081,0.14655253,0.13519645,0.122750185,0.10839836,0.09125231,0.06629296,0.054418877,0.05402402,0.05010514,0.048743512
B_a015_k1_m,B,15,0,0,True,1,-1.0,,texture,1,-1,0.19,0.81,0.0,0.0219936741311922,0.9392375872141197,0.7336893075410054,-0.21499999999999986,0.7014805770653953,1,0.13444495603326798,0.9345316148447071,0.3547690875639766,0.04584565,0.028707294,0.02733983,0.024828052,0.02385365,0.14696136,0.13841167,0.12881742,0.1229615,0.10080598,0.06765536,0.053148776,0.0512745,0.041663866,0.041335348
B_a015_k2,B,15,0,0,False,2,-1.0,,texture,1,-1,0.16,0.08,0.76,0.006969532324068898,0.45041128837176847,0.6437390775772432,-0.26000000000000034,-0.5888972745734181,2,-2.7095462188724784,3.331627551368158,0.7218729796105803,0.06338784,0.04906777,0.057514004,0.066802196,0.082316235,0.083643325,0.05714395,0.04868995,0.035624206,0.016810372,0.07686062,0.077873655,0.07491057,0.07195486,0.06917604
B_a015_k2_m,B,15,0,0,True,2,-1.0,,texture,1,-1,0.0,0.29,0.71,0.010511645723031399,0.7932981031754337,0.6183041322844285,-0.5000000000000002,-0.363730669589464,2,-0.971933284474578,1.8059323490381078,0.8674000390379005,0.062764056,0.038407277,0.039559525,0.04505798,0.056237288,0.069058776,0.052161753,0.04814224,0.037791077,0.01907698,0.08931653,0.08024751,0.08840739,0.0742981,0.06740255
B_a030_k0,B,30,0,0,False,0,-1.0,,texture,1,-1,0.1,0.0,0.9,-0.008629047387159429,0.7900853602533784,0.8544003745317531,-0.3500000000000004,-0.7794228634059945,2,1.1774774169710691,1.7983837798503661,-0.4692373658908608,0.06679677,0.049283437,0.06785323,0.06813634,0.068945736,0.07254415,0.08357233,0.09955427,0.10161584,0.11305988,0.05796407,0.047269113,0.051046643,0.050682086,0.039517388
B_a030_k0_m,B,30,0,0,True,0,-1.0,,texture,1,-1,0.9,0.1,0.0,0.01943867846283272,0.8203965496716918,0.8544003745317532,0.8500000000000001,0.08660254037844388,0,-1.0272460671372186,0.832787531532633,0.14805511601101248,0.13977477,0.13295004,0.14386715,0.15189098,0.16910294,0.12788835,0.12526608,0.12684517,0.11789553,0.09677186,0.071898974,0.032847118,0.038523793,0.036461845,0.027938295
B_a030_k1,B,30,0,0,False,1,-1.0,,texture,1,-1,0.0,1.0,0.0,0.02330955183310033,0.8607029465955164,0.9999999999999999,-0.4999999999999998,0.8660254037844387,1,0.5129092045309794,0.6124419850877503,-0.45742855078061995,0.054645147,0.03847632,0.033352714,0.02457996,0.018287918,0.16724375,0.21454772,0.17225546,0.17122597,0.1872931,0.08700559,0.07882439,0.08653044,0.09455908,0.09676077
B_a030_k1_m,B,30,0,0,True,1,-1.0,,texture,1,-1,0.1,0.9,0.0,0.017708462144759407,0.8533954007150788,0.8544003745317531,-0.34999999999999976,0.7794228634059949,1,0.6619175610663801,0.17471087756181847,-0.646376098752321,0.059490878,0.04458581,0.042174738,0.036388118,0.02385467,0.13372225,0.13774076,0.14185941,0.14546853,0.13055669,0.07671607,0.054667577,0.062499486,0.0693734,0.07450424
B_a030_k2,B,30,0,0,False,2,-1.0,,texture,1,-1,0.0,0.0,1.0,0.005344312101537984,0.6986088873031276,1.0,-0.5000000000000004,-0.8660254037844384,2,0.931628815920488,-0.5046330665470762,-2.7791630731463095,0.069576494,0.062967956,0.062957555,0.060936775,0.05401634,0.048680417,0.044597223,0.049627338,0.04808233,0.05032589,0.079133175,0.07001671,0.084950946,0.08869403,0.0974822
B_a030_k2_m,B,30,0,0,True,2,-1.0,,texture,1,-1,0.0,0.0,1.0,0.009223572508771745,0.7385634467180291,1.0,-0.5000000000000004,-0.8660254037844384,2,0.23652702335911735,0.15833062459336186,-2.429760611224054,0.09855348,0.09370974,0.092159994,0.0884206,0.0907387,0.055470448,0.04934725,0.05285623,0.05066494,0.047254495,0.11326136,0.08495419,0.11601178,0.117425956,0.12780775
B_a045_k0,B,45,0,0,False,0,-1.0,,texture,1,-1,0.99,0.01,0.0,0.012776989912519828,0.8948562131804506,0.9850380703302791,0.985,0.008660254037844387,0,0.08979062524455492,-0.5447763655041654,0.6381573263724957,0.15702453,0.112528615,0.11940219,0.11861201,0.11057827,0.0963827,0.0847836,0.08348788,0.084876135,0.09775203,0.07517821,0.050344434,0.0436289,0.03971649,0.035915133
B_a045_k0_m,B,45,0,0,True,0,-1.0,,texture,1,-1,0.96,0.0,0.04,0.02819103617792742,0.9836046835980592,0.9406380813043878,0.94,-0.03464101615137754,0,0.45794848926286047,0.6853789480784798,0.9479607351358851,0.25328445,0.20927036,0.19899699,0.18779413,0.18809342,0.15811175,0.13472416,0.12471451,0.110115744,0.10230756,0.10258569,0.06492152,0.05026584,0.03524353,0.018362332
B_a045_k1,B,45,0,0,False,1,-1.0,,texture,1,-1,0.0,0.78,0.22,0.025604300657398413,0.6932367712453514,0.69656299069072,-0.49999999999999994,0.48497422611928576,1,0.9158713293860552,-1.1508816615812043,0.9122457842084871,0.09930083,0.056952715,0.041804872,0.029418925,0.015859256,0.11240046,0.15523097,0.14587449,0.17864123,0.20113471,0.18964358,0.15422985,0.13697293,0.12617224,0.112786986
B_a045_k1_m,B,45,0,0,True,1,-1.0,,texture,1,-1,0.0,0.8,0.2,0.028586617763554423,0.8931162837488699,0.7211102550927979,-0.49999999999999994,0.5196152422706634,1,0.757195836899387,0.038891195865957066,0.7535890575178377,0.11037789,0.059233665,0.04624073,0.03579415,0.020973744,0.16544586,0.17521323,0.17897567,0.1798642,0.1727731,0.20279399,0.14882624,0.14080814,0.1272654,0.111797206
B_a045_k2,B,45,0,0,False,2,-1.0,,texture,1,-1,0.0,0.0,1.0,0.0231512292837284,0.9869409041001224,1.0,-0.5000000000000004,-0.8660254037844384,2,0.6113286989869343,0.515758530026042,0.8774561660421056,0.15112577,0.11571671,0.104659125,0.09804954,0.09062684,0.070128694,0.05115968,0.04500832,0.037242934,0.030721854,0.20667267,0.19234376,0.1874237,0.16796602,0.1596552
B_a045_k2_m,B,45,0,0,True,2,-1.0,,texture,1,-1,0.0,0.03,0.97,0.025300290505250466,0.977454165007784,0.955353337776134,-0.5000000000000004,-0.814063879557372,2,0.3753087035611636,0.5347769394191033,0.9542080380160937,0.13799544,0.110996306,0.10474931,0.10001244,0.09426403,0.07097988,0.049148947,0.048310835,0.039024726,0.026152663,0.22337085,0.19165297,0.20301446,0.17835397,0.15331753
B_a060_k0,B,60,0,0,False,0,-1.0,,texture,1,-1,0.88,0.0,0.12,0.018003466902353212,0.9148232872764551,0.8265591327908729,0.82,-0.1039230484541326,0,0.37931287971155875,-0.06572035865669544,0.24642949877166168,0.153886,0.13453683,0.14900382,0.14183407,0.123634644,0.08980217,0.07000621,0.07122976,0.07015793,0.072666496,0.06765115,0.046756554,0.045898896,0.045016795,0.03841506
B_a060_k0_m,B,60,0,0,True,0,-1.0,,texture,1,-1,1.0,0.0,0.0,0.015568544337906907,0.9462594411213294,1.0,1.0,0.0,0,0.430138705412732,0.15766597499215051,0.6618920465284716,0.14779702,0.1442408,0.13998827,0.13716118,0.1321486,0.12846372,0.08572975,0.08898285,0.08556237,0.08209213,0.08273044,0.046846222,0.04697366,0.041502994,0.02861235
B_a060_k1,B,60,0,0,False,1,-1.0,,texture,1,-1,0.0,1.0,0.0,0.02254573137735956,0.905681846443296,0.9999999999999999,-0.4999999999999998,0.8660254037844387,1,0.4519275946054108,-0.6008998799697652,0.7889974025506008,0.055907205,0.03603924,0.032739468,0.025068482,0.018974828,0.16540435,0.16452093,0.16481312,0.18453228,0.18403724,0.15543196,0.1205288,0.11159264,0.10469465,0.088572115
B_a060_k1_m,B,60,0,0,True,1,-1.0,,texture,1,-1,0.0,1.0,0.0,0.01577744119010161,0.9607873280287222,0.9999999999999999,-0.4999999999999998,0.8660254037844387,1,0.40259541243767977,1.1589960064840352,-0.05960775979438212,0.05245798,0.041749023,0.04081084,0.036379788,0.030993901,0.1551569,0.14955033,0.12531717,0.12498394,0.1144474,0.111237146,0.0744521,0.07992899,0.080336645,0.07612729
B_a060_k2,B,60,0,0,False,2,-1.0,,texture,1,-1,0.0,0.03,0.97,0.015403759379407097,0.9452998132462835,0.955353337776134,-0.5000000000000004,-0.814063879557372,2,0.6159798252511093,0.26644290280033817,0.1158891426977086,0.08478188,0.07634916,0.07531841,0.072711036,0.058946114,0.053727485,0.03488049,0.03642095,0.033649325,0.02790071,0.14419359,0.11486492,0.13425876,0.12699394,0.11384884
B_a060_k2_m,B,60,0,0,True,2,-1.0,,texture,1,-1,0.0,0.19,0.81,0.012693164436071304,0.7824179428363256,0.7336893075410055,-0.5000000000000003,-0.5369357503463518,2,0.2525185307624898,-0.4316351058276137,-0.17625140075717588,0.058538165,0.059730746,0.060408667,0.059737094,0.053782117,0.07136606,0.03279077,0.04481223,0.044655573,0.043393746,0.13119954,0.08268139,0.11491956,0.09931893,0.09218983
B_a075_k0,B,75,0,0,False,0,-1.0,,texture,1,-1,0.94,0.0,0.06,0.018673337511699254,0.9633952785874583,0.9114823092084672,0.9099999999999999,-0.0519615242270663,0,0.6900246912564428,0.28659918226069386,0.2693651858083899,0.16678359,0.13696916,0.13340354,0.12805009,0.11376093,0.092136934,0.07373338,0.07157232,0.06639591,0.06507822,0.049063165,0.033374935,0.032969795,0.028254185,0.02519039
B_a075_k0_m,B,75,0,0,True,0,-1.0,,texture,1,-1,0.75,0.0,0.25,0.023844206942759037,0.9623634100278967,0.6614378277661476,0.6249999999999999,-0.2165063509461096,0,1.0246371046827594,0.4642121430534289,0.3156569113721767,0.18104577,0.16320787,0.15066315,0.13258384,0.12184507,0.102052435,0.076293394,0.07011151,0.059896726,0.058228612,0.08031943,0.058306105,0.06161334,0.05595468,0.04559326
B_a075_k1,B,75,0,0,False,1,-1.0,,texture,1,-1,0.0,0.92,0.08,0.018135722139807936,0.9543884336359619,0.8827230596285564,-0.49999999999999983,0.7274613391789285,1,0.8231467417265395,0.3791834936752347,0.38841026217682717,0.06064772,0.04024284,0.034104045,0.02600057,0.01408325,0.13750358,0.14424175,0.120335296,0.12548377,0.12923086,0.11586444,0.09415722,0.0953552,0.091272086,0.081900015
B_a075_k1_m,B,75,0,0,True,1,-1.0,,texture,1,-1,0.0,0.67,0.33,0.02563823186571025,0.7157622411849853,0.5802585630561604,-0.5,0.29444863728670934,1,0.5399523860017026,-0.8449917272697827,0.6578130843357515,0.06197931,0.044409737,0.040640008,0.032634873,0.020314857,0.10534687,0.116189726,0.13001148,0.14014238,0.15469559,0.16936545,0.14610621,0.1452628,0.13675904,0.11633566
B_a075_k2,B,75,0,0,False,2,-1.0,,texture,1,-1,0.0,0.0,1.0,0.014741789467310818,0.9544851412974373,1.0,-0.5000000000000004,-0.8660254037844384,2,0.4938864283015241,1.1825962482036672,0.2559521699722752,0.10147115,0.088387564,0.08416893,0.08043994,0.07555477,0.06352589,0.04473292,0.041958977,0.03402541,0.01367339,0.12581679,0.13007747,0.13133118,0.12931126,0.12345612
B_a075_k2_m,B,75,0,0,True,2,-1.0,,texture,1,-1,0.0,0.13,0.87,0.028790151457196943,0.9543346205068477,0.8128345465099278,-0.5000000000000003,-0.6408587988004844,2,0.7454349735046496,0.3901329586444092,0.376216028571071,0.118430205,0.095808744,0.08414013,0.07062343,0.058823764,0.06328845,0.04018265,0.04656777,0.039113864,0.020952675,0.20009147,0.18376277,0.19020863,0.18043119,0.16608192
B_a090_k0,B,90,0,0,False,0,-1.0,,texture,1,-1,1.0,0.0,0.0,0.009536331854297492,0.7022223656025287,1.0,1.0,0.0,0,0.07819339190260566,-2.701244431750714,1.426630116278158,0.14181139,0.11759347,0.13229261,0.13010621,0.11686551,0.081473276,0.078645386,0.09325253,0.10226523,0.12596592,0.08495431,0.07000272,0.069274165,0.06197676,0.04585676
B_a090_k0_m,B,90,0,0,True,0,-1.0,,texture,1,-1,0.68,0.32,0.0,0.007559402133044392,0.527841649169374,0.5892367945062496,0.5200000000000001,0.27712812921102037,0,0.23744292122258895,-1.7461901147782029,1.2356909620850285,0.11675837,0.091665,0.10292147,0.090380765,0.09233866,0.08810774,0.0879666,0.108891204,0.10837148,0.113927715,0.090178415,0.072838135,0.074033834,0.07189069,0.055303734
B_a090_k1,B,90,0,0,False,1,-1.0,,texture,1,-1,0.93,0.0,0.07,-0.01706251869342483,0.8330077797074678,0.8970507232035433,0.895,-0.06062177826491069,0,-0.5881731345542676,1.962923720955003,-0.0562200241894678,0.06181089,0.052023582,0.05509413,0.051241264,0.033764936,0.09208601,0.0919561,0.11272075,0.12657107,0.15256041,0.14068417,0.14451827,0.15183127,0.15287898,0.14230104
B_a090_k1_m,B,90,0,0,True,1,-1.0,,texture,1,-1,0.93,0.0,0.07,-0.01628242840829377,0.8585426850312852,0.8970507232035433,0.895,-0.06062177826491069,0,-0.42871970885291083,1.0360878544233227,-0.17419871350833763,0.056727886,0.052369274,0.05565138,0.047663875,0.04143819,0.09232488,0.10559574,0.11665426,0.12264847,0.13644932,0.13794516,0.14436758,0.1472843,0.14825122,0.13852188
B_a090_k2,B,90,0,0,False,2,-1.0,,texture,1,-1,0.0,0.25,0.75,0.030430057040762567,0.7570079944891086,0.6614378277661477,-0.5000000000000002,-0.4330127018922191,2,0.3557422024143061,-0.15410251015600432,-0.1909153584599009,0.064486116,0.05805167,0.0571284,0.05217793,0.038621392,0.049761996,0.046438865,0.056427203,0.060360204,0.054259613,0.18685442,0.16391051,0.19460592,0.19505444,0.17507419
B_a090_k2_m,B,90,0,0,True,2,-1.0,,texture,1,-1,0.8,0.2,0.0,-0.03174835566499624,0.7937038574386579,0.7211102550927979,0.7000000000000001,0.17320508075688776,0,-0.2854717712536582,0.42722942723031093,0.08245786626871243,0.06563009,0.05783343,0.055852357,0.045948245,0.043485567,0.053705275,0.054727376,0.0784254,0.08501435,0.07894443,0.19091935,0.18885562,0.21819097,0.21594869,0.19470099
B_a105_k0,B,105,0,0,False,0,-1.0,,texture,1,-1,0.73,0.1,0.17,0.016549500323540592,0.8226691991338348,0.5980802621722271,0.595,-0.06062177826491065,0,0.2626091932586894,-0.0038855240100632623,1.939431173321404,0.13729382,0.10629392,0.115634724,0.1133449,0.09856349,0.08544507,0.07770841,0.082218096,0.07729694,0.079474464,0.100553915,0.06996244,0.062003627,0.038128454,0.0151928505
B_a105_k0_m,B,105,0,0,True,0,-1.0,,texture,1,-1,0.74,0.18,0.08,0.013807247380143517,0.7705634003105215,0.6161168720299746,0.61,0.08660254037844388,0,0.508070258755769,-0.1473992580944873,2.2445831279770903,0.11688813,0.099761724,0.11849107,0.10216603,0.09149355,0.08850342,0.08333917,0.08897858,0.0866017,0.08810891,0.09690683,0.07072569,0.059739973,0.04023736,0.016658328
B_a105_k1,B,105,0,0,False,1,-1.0,,texture,1,-1,0.0,0.74,0.26,0.020273298855982252,0.8898509343218886,0.6502307282803543,-0.49999999999999994,0.41569219381653066,1,0.711830697515946,0.05282931532532775,0.05349312312646911,0.07192836,0.043646283,0.039560683,0.032374755,0.018256463,0.12669006,0.12218468,0.11239206,0.11405577,0.119568005,0.13024382,0.10735527,0.11283468,0.110263094,0.106124446
B_a105_k1_m,B,105,0,0,True,1,-1.0,,texture,1,-1,0.0,0.78,0.22,0.010419392769880192,0.7867048576938392,0.69656299069072,-0.49999999999999994,0.48497422611928576,1,1.5121471560985995,-1.0189297857861614,-0.37947846042725303,0.059830204,0.04550626,0.04670384,0.037005074,0.01840392,0.089615345,0.07350018,0.0831176,0.08580341,0.09304571,0.094149165,0.071885094,0.07077511,0.0739669,0.0784339
B_a105_k2,B,105,0,0,False,2,-1.0,,texture,1,-1,0.0,0.12,0.88,0.03968646736826937,0.9235475537495917,0.826559132790873,-0.5000000000000003,-0.6581793068761732,2,0.5960310049904961,0.22151847357796625,0.5218104830397317,0.11515722,0.09047687,0.08248478,0.07104721,0.04874629,0.034655318,0.027170679,0.02874792,0.019604877,0.013291994,0.24148962,0.2352833,0.23877141,0.22721955,0.19926205
B_a105_k2_m,B,105,0,0,True,2,-1.0,,texture,1,-1,0.0,0.0,1.0,0.01819793077441772,0.951239078221642,1.0,-0.5000000000000004,-0.8660254037844384,2,0.9870048963466921,0.9944817529527197,-0.10032671254736175,0.11162595,0.10071246,0.10134351,0.08705408,0.07089341,0.06494851,0.04742915,0.044787824,0.03202883,0.016837979,0.15068597,0.14359657,0.15629122,0.15741533,0.14673707
C_a000_k0_tau000,C,0,0,0,False,0,0.0,,texture,1,-1,0.0,0.11,0.89,-0.005302800468853483,0.6567907476067577,0.8404165633779478,-0.5000000000000003,-0.675499814951862,2,3.6725203072365926,1.6256579887205727,1.0989066986844365,0.07263613,0.05110969,0.06512144,0.07612302,0.08505205,0.08525861,0.06530494,0.07841037,0.086553186,0.07923871,0.059456214,0.044636354,0.049207386,0.05163358,0.055081308
C_a000_k0_tau005,C,0,0,0,False,0,0.05,,texture,1,-1,0.0,0.19,0.81,-0.00600127657607848,0.6554310144195944,0.7336893075410055,-0.5000000000000003,-0.5369357503463518,2,2.969478877929801,1.2101580509868624,0.9225842063924738,0.07609707,0.05571597,0.068818495,0.07852789,0.086894885,0.08531745,0.065702476,0.07827109,0.08492757,0.07750902,0.059004266,0.043992378,0.048511013,0.050310418,0.054085054
C_a000_k0_tau010,C,0,0,0,False,0,0.1,,texture,1,-1,0.87,0.13,0.0,0.008584824698425296,0.7134925957253384,0.8128345465099278,0.805,0.11258330249197704,0,-1.9600118079019517,0.012343582982949953,-0.2930584198102365,0.091608,0.07353328,0.08670359,0.09328206,0.10383563,0.09436869,0.07327324,0.08023545,0.08261316,0.072276026,0.054417364,0.038925603,0.042486105,0.041615717,0.044074368
C_a000_k0_tau020,C,0,0,0,False,0,0.2,,texture,1,-1,0.87,0.13,0.0,0.013971708541170719,0.7560432254274156,0.8128345465099278,0.805,0.11258330249197704,0,-1.7357558919490057,0.7304924409479142,0.007981017825593663,0.10931344,0.08688371,0.11249764,0.11566512,0.13256219,0.12287445,0.09293409,0.09181189,0.0884493,0.07438683,0.051071413,0.03617365,0.03725002,0.03363294,0.037164457
C_a000_k0_tau030,C,0,0,0,False,0,0.3,,texture,1,-1,0.91,0.09,0.0,0.015023660174386765,0.7285709754261126,0.8685044617041413,0.8650000000000001,0.07794228634059948,0,-2.0190454951613988,1.0994201573681925,0.10842085350909034,0.10531103,0.08442639,0.1224961,0.12600817,0.14104235,0.12897523,0.09556613,0.089934334,0.08356062,0.06622444,0.043284245,0.03128535,0.032018118,0.028128471,0.029478809
C_a000_k0_tau050,C,0,0,0,False,0,0.5,,texture,1,-1,0.89,0.11,0.0,0.016040630371856848,0.7605184048797381,0.8404165633779478,0.8350000000000001,0.09526279441628825,0,-1.3604739222577082,1.1044335072455642,0.3121162443613638,0.10024336,0.09637588,0.12615314,0.12734339,0.13755271,0.13369079,0.09784495,0.089849405,0.08202228,0.06670454,0.042309016,0.032449927,0.03343317,0.029855292,0.024104856
C_a000_k0_tau075,C,0,0,0,False,0,0.75,,texture,1,-1,0.97,0.03,0.0,0.01798884643160951,0.9157690784530921,0.955353337776134,0.955,0.02598076211353316,0,-0.41877073002297593,0.9455105730321882,0.3155397752380055,0.13592494,0.12529309,0.13291264,0.13517168,0.13908824,0.12896615,0.09603143,0.088277385,0.08153289,0.06543239,0.040204924,0.029069308,0.0295232,0.024943464,0.01963398
C_a000_k0_tau100,C,0,0,0,False,0,1.0,,texture,1,-1,0.96,0.04,0.0,0.017278835297820143,0.9436352517215097,0.9406380813043878,0.94,0.034641016151377546,0,-0.0978824077538672,0.7967805467830871,0.356279532075171,0.14626768,0.12853643,0.120430164,0.12192458,0.13130453,0.12570406,0.090532474,0.08412795,0.07962701,0.06544502,0.04479803,0.032836977,0.03355749,0.028395947,0.022668801
C_a000_k1_tau000,C,0,0,0,False,1,0.0,,texture,1,-1,0.0,0.11,0.89,-0.005302800468853483,0.6567907476067577,0.8404165633779478,-0.5000000000000003,-0.675499814951862,2,3.6725203072365926,1.6256579887205727,1.0989066986844365,0.07263613,0.05110969,0.06512144,0.07612302,0.08505205,0.08525861,0.06530494,0.07841037,0.086553186,0.07923871,0.059456214,0.044636354,0.049207386,0.05163358,0.055081308
C_a000_k1_tau005,C,0,0,0,False,1,0.05,,texture,1,-1,0.0,0.04,0.96,-0.004892321365273463,0.6623412663820518,0.9406380813043876,-0.5000000000000004,-0.7967433714816832,2,3.8732302816721615,1.8355885828927876,1.0787861437820212,0.073166385,0.05052082,0.06402491,0.0741075,0.08365947,0.086363815,0.06602118,0.080146715,0.08816625,0.08064573,0.060236923,0.04534073,0.04954265,0.051992342,0.054690145
C_a000_k1_tau010,C,0,0,0,False,1,0.1,,texture,1,-1,0.09,0.0,0.91,-0.005108012087714785,0.5219491204070794,0.8685044617041412,-0.36500000000000044,-0.788083117443839,2,1.7918983835411593,2.866717161084784,0.5850969203192526,0.07614061,0.04742968,0.057748914,0.056058202,0.06551888,0.09228761,0.061360396,0.08262196,0.09336361,0.08581772,0.06342669,0.04791346,0.05114384,0.052708805,0.053114332
C_a000_k1_tau020,C,0,0,0,False,1,0.2,,texture,1,-1,0.12,0.88,0.0,0.010146285001238792,0.6852882667922723,0.8265591327908729,-0.3199999999999998,0.762102355330306,1,-0.40142642709224,-2.134247617075292,0.1672486005343393,0.08065,0.044610273,0.04675062,0.03773172,0.055415258,0.11836345,0.07360282,0.106744125,0.11766071,0.111426905,0.07969025,0.065192275,0.06519094,0.06501135,0.062002927
C_a000_k1_tau030,C,0,0,0,False,1,0.3,,texture,1,-1,0.04,0.96,0.0,0.013801168550094185,0.8036471913756011,0.9406380813043876,-0.4399999999999998,0.8313843876330611,1,0.27819793260430803,-1.6944064886365988,0.39691805819813525,0.07598713,0.042345963,0.042364698,0.031871967,0.038529195,0.13497311,0.09138378,0.13423122,0.14046864,0.13385376,0.09011948,0.07640561,0.07364401,0.07115415,0.06679984
C_a000_k1_tau050,C,0,0,0,False,1,0.5,,texture,1,-1,0.08,0.92,0.0,0.019503326218185405,0.9149773537786082,0.8827230596285564,-0.3799999999999998,0.7967433714816836,1,0.6979563888707925,-0.16781281206374504,0.2764386268880565,0.067550175,0.039358586,0.03635995,0.024943918,0.01665584,0.14957021,0.12563361,0.15425774,0.15020366,0.13335843,0.08758198,0.07475001,0.07254648,0.06916359,0.06537862
C_a000_k1_tau075,C,0,0,0,False,1,0.75,,texture,1,-1,0.1,0.9,0.0,0.022941696651149767,0.9196528407705281,0.8544003745317531,-0.34999999999999976,0.7794228634059949,1,0.7304743426160938,0.033382415255855565,0.18989258911148432,0.07390471,0.044402033,0.041104585,0.027233493,0.016391605,0.17090812,0.14551383,0.17473339,0.16739236,0.14646947,0.09388372,0.08067842,0.07791057,0.07507905,0.07313876
C_a000_k1_tau100,C,0,0,0,False,1,1.0,,texture,1,-1,0.1,0.9,0.0,0.022947904847784473,0.9167276166868352,0.8544003745317531,-0.34999999999999976,0.7794228634059949,1,0.8988679523161138,0.011355211604190993,0.08446083307861134,0.0893354,0.051015984,0.047258046,0.030702341,0.016366534,0.18578802,0.14768693,0.17573932,0.1712386,0.14867973,0.097224,0.08605185,0.08597465,0.0845525,0.08275157
C_a000_k2_tau000,C,0,0,0,False,2,0.0,,texture,1,-1,0.0,0.11,0.89,-0.005302800468853483,0.6567907476067577,0.8404165633779478,-0.5000000000000003,-0.675499814951862,2,3.6725203072365926,1.6256579887205727,1.0989066986844365,0.07263613,0.05110969,0.06512144,0.07612302,0.08505205,0.08525861,0.06530494,0.07841037,0.086553186,0.07923871,0.059456214,0.044636354,0.049207386,0.05163358,0.055081308
C_a000_k2_tau005,C,0,0,0,False,2,0.05,,texture,1,-1,0.0,0.23,0.77,-0.0029082008080464354,0.31553117135582376,0.6846166810705098,-0.5000000000000003,-0.4676537180435966,2,5.193239277568929,3.411090038427611,2.634924623028778,0.07393819,0.051007,0.06278367,0.071954474,0.07711704,0.07923215,0.055089064,0.067415275,0.07199975,0.07271873,0.06452882,0.047990374,0.05536239,0.05968129,0.061349362
C_a000_k2_tau010,C,0,0,0,False,2,0.1,,texture,1,-1,0.0,0.0,1.0,0.003198554125219923,0.40710777433699985,1.0,-0.5000000000000004,-0.8660254037844384,2,-2.4686063729761103,-3.6339938547006296,-4.107323053139922,0.08292405,0.05749927,0.06370122,0.07126078,0.07022817,0.07102395,0.0436427,0.054850962,0.057705496,0.065138616,0.086181596,0.061858363,0.079374954,0.085717455,0.08511541
C_a000_k2_tau020,C,0,0,0,False,2,0.2,,texture,1,-1,0.0,0.0,1.0,0.009167150608980901,0.7229217915502445,1.0,-0.5000000000000004,-0.8660254037844384,2,-0.5202467301728919,-0.4978742178332271,-2.4234733149702565,0.09184624,0.06401412,0.06671351,0.0742865,0.070700064,0.06355496,0.03686204,0.044024177,0.0450434,0.045336496,0.10955569,0.07544083,0.11074263,0.118287124,0.11583035
C_a000_k2_tau030,C,0,0,0,False,2,0.3,,texture,1,-1,0.0,0.0,1.0,0.011389153933744813,0.7573970470572512,1.0,-0.5000000000000004,-0.8660254037844384,2,-0.2503711843984137,-0.11604603118437368,-1.81772688670171,0.091659814,0.06434929,0.06627737,0.07258787,0.06775266,0.05806319,0.035111044,0.04127599,0.04267301,0.03719778,0.11024844,0.08632597,0.12859416,0.1318954,0.12520611
C_a000_k2_tau050,C,0,0,0,False,2,0.5,,texture,1,-1,0.0,0.0,1.0,0.010662421652087754,0.7042653837989351,1.0,-0.5000000000000004,-0.8660254037844384,2,-0.32628673826695836,0.16476937656849913,-1.7466735535134228,0.093138255,0.063279256,0.064548835,0.07044652,0.06803204,0.05979449,0.04050079,0.047242142,0.049003385,0.036520887,0.10218019,0.085050076,0.13593641,0.13384768,0.12171266
C_a000_k2_tau075,C,0,0,0,False,2,0.75,,texture,1,-1,0.0,0.07,0.93,0.016334790076973808,0.8936950288386472,0.8970507232035434,-0.5000000000000004,-0.744781847254617,2,-0.21876372196192984,0.43830574425559665,0.24616050771382086,0.10759477,0.07143764,0.07114801,0.07488469,0.07709317,0.06795815,0.045749784,0.051345848,0.051410064,0.03190165,0.13565731,0.14241533,0.14629164,0.14194927,0.13609745
C_a000_k2_tau100,C,0,0,0,False,2,1.0,,texture,1,-1,0.0,0.12,0.88,0.01851709889276588,0.9208862467782682,0.826559132790873,-0.5000000000000003,-0.6581793068761732,2,-0.30498475069301695,0.4537905544233403,0.771590278918383,0.103630565,0.06947617,0.07131468,0.07566233,0.07893331,0.072057344,0.046787746,0.052728537,0.05272944,0.030559741,0.1512469,0.15556689,0.14590573,0.13945954,0.13012329
C_a030_k0_tau000,C,30,0,0,False,0,0.0,,texture,1,-1,0.42,0.0,0.58,-0.007855536058497804,0.8066116535329466,0.5188448708429136,0.12999999999999973,-0.5022947341949742,2,0.39032061951305885,2.244136584951025,1.2068685783392021,0.048441112,0.04573019,0.04948996,0.051875334,0.05086258,0.05948359,0.060186088,0.07535884,0.07536509,0.09426408,0.055258993,0.047421876,0.053255662,0.057225745,0.064426355
C_a030_k0_tau005,C,30,0,0,False,0,0.05,,texture,1,-1,0.4,0.0,0.6,-0.007651714413754318,0.8237844102438375,0.5291502622129179,0.09999999999999976,-0.519615242270663,2,0.37255473704998554,2.1541776278579468,1.1993765263907026,0.048119534,0.046072878,0.05045702,0.05219139,0.051005676,0.0601974,0.060654692,0.075506434,0.07500356,0.09268745,0.05415152,0.046858583,0.05260168,0.056184176,0.063405894
C_a030_k0_tau010,C,30,0,0,False,0,0.1,,texture,1,-1,0.39,0.0,0.61,-0.007583725911383981,0.8523540688007855,0.5350700888668696,0.08499999999999974,-0.5282754963085073,2,0.4678317152377665,1.9376308091014265,1.0169680821610494,0.046483748,0.045600563,0.05088929,0.052633703,0.051877886,0.061969113,0.061935224,0.076135665,0.07466999,0.09083103,0.054271057,0.047335733,0.052225467,0.054780357,0.061393682
C_a030_k0_tau020,C,30,0,0,False,0,0.2,,texture,1,-1,0.31,0.0,0.69,-0.007043029289633436,0.9169989125672918,0.5985816569190872,-0.03500000000000031,-0.5975575286112624,2,0.9856359679531225,1.301486038636708,0.5689907739861126,0.0461879,0.046799585,0.054928623,0.058280975,0.059087634,0.06643273,0.067407526,0.07983208,0.07821758,0.085647024,0.053397834,0.048641026,0.052400947,0.05339827,0.05604735
C_a030_k0_tau030,C,30,0,0,False,0,0.3,,texture,1,-1,0.17,0.0,0.83,-0.008168685612846047,0.9362958903952461,0.7594076639065475,-0.24500000000000036,-0.7188010851410838,2,1.3638444289074803,0.8835331387936721,0.45754968982434985,0.053156357,0.05263774,0.06407211,0.06882413,0.07223358,0.07527424,0.08115412,0.09393815,0.09344852,0.095038176,0.05235456,0.047637913,0.051093344,0.051974583,0.054449692
C_a030_k0_tau050,C,30,0,0,False,0,0.5,,texture,1,-1,0.0,0.02,0.98,-0.01064263665058039,0.8832022585014108,0.9701546268507923,-0.5000000000000004,-0.8313843876330609,2,1.3707978755111396,0.4774915374956661,-0.07182786027583112,0.08309517,0.07088828,0.08563723,0.08893889,0.09752274,0.097653866,0.10299899,0.11732376,0.117953084,0.11245018,0.0532251,0.040959194,0.046179682,0.0480844,0.038871013
C_a030_k0_tau075,C,30,0,0,False,0,0.75,,texture,1,-1,0.0,0.0,1.0,-0.009167985238055195,0.8702473532954107,1.0,-0.5000000000000004,-0.8660254037844384,2,1.6055117933669005,1.2767021478521041,-0.40298921262490955,0.07415584,0.05985983,0.07747211,0.078390375,0.087781884,0.084131,0.09352404,0.10905868,0.1115206,0.1151504,0.055476777,0.044412695,0.04931754,0.04921653,0.037361
C_a030_k0_tau100,C,30,0,0,False,0,1.0,,texture,1,-1,0.1,0.0,0.9,-0.008629047387159429,0.7900853602533784,0.8544003745317531,-0.3500000000000004,-0.7794228634059945,2,1.1774774169710691,1.7983837798503661,-0.4692373658908608,0.06679677,0.049283437,0.06785323,0.06813634,0.068945736,0.07254415,0.08357233,0.09955427,0.10161584,0.11305988,0.05796407,0.047269113,0.051046643,0.050682086,0.039517388
C_a030_k1_tau000,C,30,0,0,False,1,0.0,,texture,1,-1,0.42,0.0,0.58,-0.007855536058497804,0.8066116535329466,0.5188448708429136,0.12999999999999973,-0.5022947341949742,2,0.39032061951305885,2.244136584951025,1.2068685783392021,0.048441112,0.04573019,0.04948996,0.051875334,0.05086258,0.05948359,0.060186088,0.07535884,0.07536509,0.09426408,0.055258993,0.047421876,0.053255662,0.057225745,0.064426355
C_a030_k1_tau005,C,30,0,0,False,1,0.05,,texture,1,-1,0.41,0.0,0.59,-0.007880848908523955,0.8400050746931511,0.5237365750069396,0.11499999999999971,-0.5109549882328186,2,0.4627845622034129,1.9697787790356784,1.151871142020512,0.048071723,0.04552755,0.049521554,0.051878896,0.05179239,0.05939687,0.062258758,0.07634054,0.076320134,0.09227555,0.05462369,0.04712917,0.052857794,0.056415424,0.06349229
C_a030_k1_tau010,C,30,0,0,False,1,0.1,,texture,1,-1,0.4,0.0,0.6,-0.008180980029122117,0.8751683826198505,0.5291502622129179,0.09999999999999976,-0.519615242270663,2,0.5580333205752911,1.6086816198504774,1.0778178821147144,0.048974376,0.04571489,0.049864378,0.05234181,0.053712904,0.060411464,0.065206066,0.07983569,0.08193411,0.089943655,0.05458718,0.047969807,0.053886406,0.05734371,0.06386022
C_a030_k1_tau020,C,30,0,0,False,1,0.2,,texture,1,-1,0.39,0.0,0.61,-0.010386228284381157,0.8747991471288878,0.5350700888668696,0.08499999999999974,-0.5282754963085073,2,0.8706028570033785,1.349131592317503,0.46749088560469904,0.042993635,0.040414006,0.046068437,0.049653806,0.056409195,0.06571385,0.06894253,0.08768725,0.09149884,0.09431101,0.05626506,0.049652476,0.054280702,0.05581196,0.058372803
C_a030_k1_tau030,C,30,0,0,False,1,0.3,,texture,1,-1,0.42,0.0,0.58,-0.013270501528662137,0.8424073676059113,0.5188448708429136,0.12999999999999973,-0.5022947341949742,2,0.7967411130297525,1.3678796352911222,0.2914435759356719,0.040345047,0.03578403,0.04081875,0.0434301,0.05501424,0.06903715,0.069359556,0.09775211,0.10165271,0.10256904,0.056443207,0.051199574,0.056378435,0.058268655,0.057922214
C_a030_k1_tau050,C,30,0,0,False,1,0.5,,texture,1,-1,0.0,1.0,0.0,0.01798432324224617,0.7617141508286321,0.9999999999999999,-0.4999999999999998,0.8660254037844387,1,0.13901640585558353,-0.9376101029225592,-0.1304340077151291,0.03896751,0.029162686,0.03158389,0.029202025,0.025123432,0.12305191,0.13326852,0.16746984,0.16533118,0.16657947,0.068653256,0.06630107,0.07212284,0.07649428,0.06937875
C_a030_k1_tau075,C,30,0,0,False,1,0.75,,texture,1,-1,0.04,0.96,0.0,0.030233506761939182,0.8601136453946228,0.9406380813043876,-0.4399999999999998,0.8313843876330611,1,0.3834451504453244,0.19402535866778012,-0.1847847568397421,0.051728837,0.0352191,0.031653363,0.023033315,0.01568114,0.20120956,0.22612007,0.21694902,0.2135984,0.2158967,0.08668598,0.0827871,0.08891842,0.09580089,0.0912931
C_a030_k1_tau100,C,30,0,0,False,1,1.0,,texture,1,-1,0.0,1.0,0.0,0.02330955183310033,0.8607029465955164,0.9999999999999999,-0.4999999999999998,0.8660254037844387,1,0.5129092045309794,0.6124419850877503,-0.45742855078061995,0.054645147,0.03847632,0.033352714,0.02457996,0.018287918,0.16724375,0.21454772,0.17225546,0.17122597,0.1872931,0.08700559,0.07882439,0.08653044,0.09455908,0.09676077
C_a030_k2_tau000,C,30,0,0,False,2,0.0,,texture,1,-1,0.42,0.0,0.58,-0.007855536058497804,0.8066116535329466,0.5188448708429136,0.12999999999999973,-0.5022947341949742,2,0.39032061951305885,2.244136584951025,1.2068685783392021,0.048441112,0.04573019,0.04948996,0.051875334,0.05086258,0.05948359,0.060186088,0.07535884,0.07536509,0.09426408,0.055258993,0.047421876,0.053255662,0.057225745,0.064426355
C_a030_k2_tau005,C,30,0,0,False,2,0.05,,texture,1,-1,0.47,0.0,0.53,-0.007125953315292071,0.7178262393246306,0.502692749102272,0.20499999999999974,-0.45899346400575236,2,0.19396779096034017,2.556532218955126,1.3309057868463228,0.048619863,0.045304783,0.048191905,0.050136704,0.047328588,0.058941133,0.05709064,0.07119973,0.06859849,0.09317613,0.057894707,0.048615705,0.054269545,0.0588214,0.06543278
C_a030_k2_tau010,C,30,0,0,False,2,0.1,,texture,1,-1,0.59,0.0,0.41,-0.006332393930588573,0.5685735073357611,0.5237365750069397,0.3849999999999998,-0.3550704155516197,0,-0.48360955734947947,3.143797929281943,1.8733733801574028,0.053165015,0.048205525,0.04867969,0.04856091,0.042324893,0.058770224,0.054436527,0.068257205,0.06532652,0.093899,0.064998746,0.05197771,0.059470873,0.066350035,0.072618015
C_a030_k2_tau020,C,30,0,0,False,2,0.2,,texture,1,-1,0.6,0.0,0.4,-0.007954297087386306,0.5842725813703378,0.5291502622129179,0.3999999999999998,-0.34641016151377535,0,-0.5614586110288148,3.0319455599930754,1.9736810850450988,0.056125373,0.050283942,0.04978314,0.04934743,0.04179552,0.06193258,0.058945157,0.07317938,0.07292594,0.10565247,0.07011815,0.053982317,0.0644134,0.07333125,0.08135939
C_a030_k2_tau030,C,30,0,0,False,2,0.3,,texture,1,-1,0.64,0.0,0.36,-0.0058396006349518415,0.49054363594244166,0.555697759577992,0.45999999999999985,-0.3117691453623978,0,-0.8663468049693823,3.5475572928948234,2.835768723355841,0.056973077,0.051211063,0.05043294,0.049600925,0.04170814,0.057902206,0.05287484,0.06674956,0.064115435,0.09380154,0.065017186,0.049825616,0.06260347,0.07073855,0.07912715
C_a030_k2_tau050,C,30,0,0,False,2,0.5,,texture,1,-1,0.84,0.16,0.0,-0.005125132927199394,0.6042973361815305,0.7725283166331186,0.76,0.13856406460551018,0,-1.2619077515699455,2.7634908771998825,3.5237933665622236,0.058325235,0.051753268,0.049668767,0.048256263,0.039721277,0.05198419,0.045125708,0.056474503,0.05737159,0.072207004,0.06791908,0.054025482,0.07479596,0.07859507,0.08767242
C_a030_k2_tau075,C,30,0,0,False,2,0.75,,texture,1,-1,0.0,0.0,1.0,0.007673661670918314,0.7037863623407044,1.0,-0.5000000000000004,-0.8660254037844384,2,0.543813397441582,0.03146614143436603,-2.624592724539323,0.074955314,0.06547191,0.064549886,0.06242516,0.058112856,0.04691992,0.043716896,0.04845182,0.047342055,0.043620028,0.08611647,0.08204697,0.09675263,0.10454506,0.11838448
C_a030_k2_tau100,C,30,0,0,False,2,1.0,,texture,1,-1,0.0,0.0,1.0,0.005344312101537984,0.6986088873031276,1.0,-0.5000000000000004,-0.8660254037844384,2,0.931628815920488,-0.5046330665470762,-2.7791630731463095,0.069576494,0.062967956,0.062957555,0.060936775,0.05401634,0.048680417,0.044597223,0.049627338,0.04808233,0.05032589,0.079133175,0.07001671,0.084950946,0.08869403,0.0974822
C_a060_k0_tau000,C,60,0,0,False,0,0.0,,texture,1,-1,0.89,0.11,0.0,-0.007692547326951649,0.4287456078118944,0.8404165633779478,0.8350000000000001,0.09526279441628825,0,-0.9261928010768953,6.151604408882772,-0.37623047501433554,0.05367057,0.045453332,0.044364303,0.04227274,0.032430064,0.036064364,0.027075374,0.04366197,0.06077961,0.112498276,0.104966,0.07904711,0.0785145,0.07848163,0.07348466
C_a060_k0_tau005,C,60,0,0,False,0,0.05,,texture,1,-1,0.86,0.14,0.0,-0.006974876259881166,0.4240781649261852,0.7992496481075234,0.79,0.12124355652982143,0,-0.9151923050461231,6.161512441778084,-0.03268745806189121,0.053013016,0.04554547,0.04545468,0.044199694,0.03367852,0.0372327,0.027973229,0.04368791,0.058378335,0.10578679,0.09503699,0.07288033,0.07375883,0.0744497,0.07221125
C_a060_k0_tau010,C,60,0,0,False,0,0.1,,texture,1,-1,0.82,0.18,0.0,-0.0058296360954803415,0.39404790327798545,0.7464583042608609,0.73,0.15588457268119896,0,-0.9620197894350523,6.060573146610402,-0.003147666283936561,0.053114064,0.046732567,0.04847592,0.04679126,0.03650362,0.03852027,0.029935304,0.043729994,0.056286026,0.093728416,0.089172885,0.06811063,0.06830039,0.06855069,0.06799189
C_a060_k0_tau020,C,60,0,0,False,0,0.2,,texture,1,-1,0.63,0.37,0.0,-0.0037279041615407775,0.20186496581301805,0.5483611948342079,0.44500000000000006,0.32042939940024234,0,-1.0714442623633746,6.844355525883975,-0.2282965813903288,0.05464311,0.050146118,0.05642931,0.054332722,0.043159865,0.03930739,0.03371951,0.042281907,0.05136703,0.07978344,0.08168546,0.05940576,0.057575814,0.057061836,0.05793959
C_a060_k0_tau030,C,60,0,0,False,0,0.3,,texture,1,-1,0.0,0.87,0.13,-0.0029072501452816345,0.38878560414849006,0.8128345465099278,-0.4999999999999999,0.6408587988004847,1,-0.21896021834173873,4.6917643866034116,-0.26879421573637563,0.061920315,0.058335952,0.07059935,0.06980411,0.057376236,0.045641735,0.039050616,0.04439,0.049609203,0.063555166,0.06683374,0.049282078,0.04783371,0.047117956,0.04801711
C_a060_k0_tau050,C,60,0,0,False,0,0.5,,texture,1,-1,0.84,0.0,0.16,0.015946767696823665,0.8988532808221612,0.7725283166331185,0.7599999999999999,-0.13856406460551016,0,0.2862441684260838,-0.10703115633044649,0.37136166903138695,0.13517936,0.11890505,0.13216968,0.13012423,0.11080422,0.0808025,0.06369419,0.06389285,0.061205607,0.0678739,0.06724888,0.048606165,0.047090776,0.048315097,0.036803804
C_a060_k0_tau075,C,60,0,0,False,0,0.75,,texture,1,-1,0.89,0.0,0.11,0.021595285731810562,0.9338634060321179,0.8404165633779477,0.835,-0.09526279441628822,0,0.32590917221183785,0.007960599860225018,0.5083139835739109,0.1752408,0.15235591,0.16869152,0.1607685,0.14145526,0.10520548,0.08064579,0.07869152,0.07533557,0.081433676,0.07361043,0.04970494,0.046796203,0.044551797,0.02933243
C_a060_k0_tau100,C,60,0,0,False,0,1.0,,texture,1,-1,0.88,0.0,0.12,0.018003466902353212,0.9148232872764551,0.8265591327908729,0.82,-0.1039230484541326,0,0.37931287971155875,-0.06572035865669544,0.24642949877166168,0.153886,0.13453683,0.14900382,0.14183407,0.123634644,0.08980217,0.07000621,0.07122976,0.07015793,0.072666496,0.06765115,0.046756554,0.045898896,0.045016795,0.03841506
C_a060_k1_tau000,C,60,0,0,False,1,0.0,,texture,1,-1,0.89,0.11,0.0,-0.007692547326951649,0.4287456078118944,0.8404165633779478,0.8350000000000001,0.09526279441628825,0,-0.9261928010768953,6.151604408882772,-0.37623047501433554,0.05367057,0.045453332,0.044364303,0.04227274,0.032430064,0.036064364,0.027075374,0.04366197,0.06077961,0.112498276,0.104966,0.07904711,0.0785145,0.07848163,0.07348466
C_a060_k1_tau005,C,60,0,0,False,1,0.05,,texture,1,-1,0.9,0.1,0.0,-0.008064749982387718,0.43428706236087766,0.8544003745317532,0.8500000000000001,0.08660254037844388,0,-0.902255228496711,6.120163809822692,-0.5683725509107221,0.05394046,0.04561176,0.04508971,0.042142954,0.03258146,0.03664492,0.027205098,0.04495618,0.06362634,0.11603145,0.11012569,0.082953796,0.08162939,0.08097137,0.074345976
C_a060_k1_tau010,C,60,0,0,False,1,0.1,,texture,1,-1,0.98,0.02,0.0,-0.00761209317549733,0.458415694835555,0.9701546268507922,0.97,0.017320508075688773,0,-0.9997953815355025,6.340905501297238,-0.822823916937864,0.054904923,0.045903716,0.045225464,0.041637857,0.032443695,0.03761939,0.030551849,0.052775092,0.071302116,0.11732681,0.11506824,0.08704393,0.084825315,0.08354874,0.07540777
C_a060_k1_tau020,C,60,0,0,False,1,0.2,,texture,1,-1,0.94,0.0,0.06,-0.008597437345091817,0.45944802572484655,0.9114823092084672,0.9099999999999999,-0.0519615242270663,0,-0.7449406926806641,5.957036443167293,-0.8749681149498275,0.052634016,0.04331704,0.041960016,0.036936484,0.03266882,0.039193198,0.031528756,0.07087502,0.09046705,0.123538725,0.11649717,0.08753728,0.0844825,0.082704276,0.073656395
C_a060_k1_tau030,C,60,0,0,False,1,0.3,,texture,1,-1,0.74,0.0,0.26,-0.013809146518123334,0.4685185939710661,0.6502307282803542,0.6099999999999999,-0.225166604983954,0,-0.48730563909374697,3.830563149907106,-0.7913188879477977,0.052223355,0.044227183,0.043363772,0.037729155,0.033157934,0.052693594,0.04699218,0.10586712,0.11982015,0.14411722,0.12968698,0.09627582,0.09129458,0.0876527,0.076464854
C_a060_k1_tau050,C,60,0,0,False,1,0.5,,texture,1,-1,0.0,0.94,0.06,0.020841930718863203,0.6783679896027748,0.9114823092084672,-0.4999999999999998,0.762102355330306,1,0.16515753474721195,-1.8808726453129414,1.3120915542007783,0.04434999,0.03356885,0.034841247,0.029736564,0.028641637,0.109693214,0.13079573,0.16795817,0.17622143,0.20353216,0.17405975,0.13101631,0.11726776,0.10512728,0.08240093
C_a060_k1_tau075,C,60,0,0,False,1,0.75,,texture,1,-1,0.0,1.0,0.0,0.02959982163848859,0.94184338808135,0.9999999999999999,-0.4999999999999998,0.8660254037844387,1,0.3544922462592845,-0.007727054384563788,0.7547376733658433,0.050695542,0.03250277,0.029756341,0.02289992,0.0145816635,0.20718123,0.20393568,0.22132526,0.22212623,0.20410915,0.16543612,0.12694016,0.115179285,0.106287375,0.08688297
C_a060_k1_tau100,C,60,0,0,False,1,1.0,,texture,1,-1,0.0,1.0,0.0,0.02254573137735956,0.905681846443296,0.9999999999999999,-0.4999999999999998,0.8660254037844387,1,0.4519275946054108,-0.6008998799697652,0.7889974025506008,0.055907205,0.03603924,0.032739468,0.025068482,0.018974828,0.16540435,0.16452093,0.16481312,0.18453228,0.18403724,0.15543196,0.1205288,0.11159264,0.10469465,0.088572115
C_a060_k2_tau000,C,60,0,0,False,2,0.0,,texture,1,-1,0.89,0.11,0.0,-0.007692547326951649,0.4287456078118944,0.8404165633779478,0.8350000000000001,0.09526279441628825,0,-0.9261928010768953,6.151604408882772,-0.37623047501433554,0.05367057,0.045453332,0.044364303,0.04227274,0.032430064,0.036064364,0.027075374,0.04366197,0.06077961,0.112498276,0.104966,0.07904711,0.0785145,0.07848163,0.07348466
C_a060_k2_tau005,C,60,0,0,False,2,0.05,,texture,1,-1,0.85,0.15,0.0,-0.007959547907303443,0.4255660183463549,0.7858116822750856,0.775,0.1299038105676658,0,-0.9523841350256097,5.747306254408866,-0.3107541418286554,0.054499805,0.04637164,0.045792427,0.04308604,0.032675628,0.03685353,0.02652527,0.041787364,0.057504572,0.109380886,0.105026044,0.07874416,0.078323506,0.078808874,0.07381913
C_a060_k2_tau010,C,60,0,0,False,2,0.1,,texture,1,-1,0.73,0.27,0.0,-0.010222682195570237,0.47588357581003715,0.6392964883369844,0.595,0.23382685902179848,0,-0.8096586730181884,3.4906339767696815,-0.21536942817385693,0.060878627,0.05220792,0.05157741,0.048424803,0.03731969,0.042646967,0.027438534,0.03623955,0.042066935,0.09421338,0.11301194,0.087312534,0.08767627,0.08825252,0.082880646
C_a060_k2_tau020,C,60,0,0,False,2,0.2,,texture,1,-1,0.0,0.19,0.81,0.01445287371915195,0.7077347358911973,0.7336893075410055,-0.5000000000000003,-0.5369357503463518,2,0.6924576611003007,-2.011944335228943,0.33474816392475437,0.07160933,0.060084444,0.058221057,0.054398436,0.042085867,0.04972106,0.028153434,0.034746613,0.036801897,0.08346565,0.13583817,0.10997569,0.112524755,0.11019024,0.101437
C_a060_k2_tau030,C,60,0,0,False,2,0.3,,texture,1,-1,0.0,0.15,0.85,0.015198940202829553,0.809185915949604,0.7858116822750856,-0.5000000000000003,-0.6062177826491069,2,0.7715254261736821,-1.3224960668764116,0.16801408786374908,0.07410282,0.06256667,0.059476435,0.055294845,0.04137863,0.047028795,0.027558722,0.032183222,0.033272266,0.06590406,0.13646916,0.10912994,0.116415195,0.1135201,0.10517734
C_a060_k2_tau050,C,60,0,0,False,2,0.5,,texture,1,-1,0.0,0.07,0.93,0.014890970115581771,0.9315677407506576,0.8970507232035434,-0.5000000000000004,-0.744781847254617,2,0.7646807436353119,-0.06479926419388733,0.043746514101216584,0.078813955,0.06613707,0.06321825,0.05889762,0.045649223,0.043617822,0.030033402,0.0318419,0.03152884,0.031995945,0.13118649,0.10640455,0.11953767,0.1142443,0.10691453
C_a060_k2_tau075,C,60,0,0,False,2,0.75,,texture,1,-1,0.0,0.09,0.91,0.01547630546619902,0.911530422108833,0.8685044617041412,-0.5000000000000003,-0.7101408311032394,2,0.7111091482121469,-0.08641989068481398,-0.1527601027174849,0.078069635,0.06624928,0.063600734,0.059830178,0.04631274,0.046025604,0.030650567,0.032993823,0.032736585,0.03331191,0.13728344,0.10232237,0.12369446,0.11779146,0.10884279
C_a060_k2_tau100,C,60,0,0,False,2,1.0,,texture,1,-1,0.0,0.03,0.97,0.015403759379407097,0.9452998132462835,0.955353337776134,-0.5000000000000004,-0.814063879557372,2,0.6159798252511093,0.26644290280033817,0.1158891426977086,0.08478188,0.07634916,0.07531841,0.072711036,0.058946114,0.053727485,0.03488049,0.03642095,0.033649325,0.02790071,0.14419359,0.11486492,0.13425876,0.12699394,0.11384884
C_a090_k0_tau000,C,90,0,0,False,0,0.0,,texture,1,-1,1.0,0.0,0.0,-0.011254143230991082,0.7861865803534334,1.0,1.0,0.0,0,-0.28188770691481435,3.7497371173029896,-0.02041601285073513,0.049219362,0.04573017,0.047719263,0.046952397,0.039808046,0.048252743,0.051731948,0.07434389,0.08974682,0.12877548,0.10854236,0.11004314,0.11348204,0.11474431,0.10917495
C_a090_k0_tau005,C,90,0,0,False,0,0.05,,texture,1,-1,0.94,0.06,0.0,-0.011984619310267165,0.8377574689945577,0.9114823092084672,0.9099999999999999,0.05196152422706632,0,-0.18852872116217964,2.847124265669487,0.004160190866075449,0.049236894,0.04631076,0.049138382,0.049169727,0.041900408,0.047953073,0.051566135,0.07136422,0.083078325,0.11410794,0.10873595,0.11088187,0.11453481,0.11537806,0.11069788
C_a090_k0_tau010,C,90,0,0,False,0,0.1,,texture,1,-1,0.82,0.18,0.0,-0.011386766347764449,0.8834708896111121,0.7464583042608609,0.73,0.15588457268119896,0,-0.21870193656902814,1.755036516604799,0.8763622264072194,0.0554249,0.052803304,0.05605086,0.05570931,0.04806768,0.05070366,0.052995212,0.06667477,0.07323369,0.08972489,0.09260276,0.09182264,0.11185,0.11131097,0.111434676
C_a090_k0_tau020,C,90,0,0,False,0,0.2,,texture,1,-1,0.73,0.27,0.0,-0.004929013400849936,0.7018023353401055,0.6392964883369844,0.595,0.23382685902179848,0,-0.5060565493784085,2.752648628131184,1.4227682679153104,0.064302,0.060955685,0.065485455,0.064528435,0.056461178,0.05503371,0.055003546,0.065342724,0.06975718,0.07971473,0.07595814,0.07129611,0.08522096,0.07752287,0.08739524
C_a090_k0_tau030,C,90,0,0,False,0,0.3,,texture,1,-1,0.54,0.3,0.16,-0.0031629037710484806,0.2746788274979933,0.33286633954186484,0.31000000000000005,0.12124355652982147,0,0.13461390390363373,4.600741986415998,-1.0406812464758823,0.06504896,0.061602514,0.07046377,0.07040593,0.06243306,0.05777219,0.056449726,0.066747926,0.07094935,0.08277616,0.073579244,0.07030289,0.077673405,0.070599124,0.066389196
C_a090_k0_tau050,C,90,0,0,False,0,0.5,,texture,1,-1,1.0,0.0,0.0,0.006504250146723439,0.6987990422980217,1.0,1.0,0.0,0,-0.315860728141733,-2.7676626462474694,1.2841722366196022,0.10790685,0.090588294,0.10771188,0.10464463,0.09552525,0.07211139,0.065786354,0.07598806,0.082993455,0.09775153,0.06910539,0.059238333,0.06336033,0.057524297,0.045268625
C_a090_k0_tau075,C,90,0,0,False,0,0.75,,texture,1,-1,1.0,0.0,0.0,0.010994118847867341,0.7592784128317356,1.0,1.0,0.0,0,-0.015031243071573951,-2.1067088103388305,1.2473576320661954,0.13825715,0.121482335,0.13695219,0.13449407,0.12262352,0.08523461,0.082471445,0.096538216,0.10477603,0.12482861,0.080171734,0.063550904,0.062641144,0.05315157,0.040009078
C_a090_k0_tau100,C,90,0,0,False,0,1.0,,texture,1,-1,1.0,0.0,0.0,0.009536331854297492,0.7022223656025287,1.0,1.0,0.0,0,0.07819339190260566,-2.701244431750714,1.426630116278158,0.14181139,0.11759347,0.13229261,0.13010621,0.11686551,0.081473276,0.078645386,0.09325253,0.10226523,0.12596592,0.08495431,0.07000272,0.069274165,0.06197676,0.04585676
C_a090_k1_tau000,C,90,0,0,False,1,0.0,,texture,1,-1,1.0,0.0,0.0,-0.011254143230991082,0.7861865803534334,1.0,1.0,0.0,0,-0.28188770691481435,3.7497371173029896,-0.02041601285073513,0.049219362,0.04573017,0.047719263,0.046952397,0.039808046,0.048252743,0.051731948,0.07434389,0.08974682,0.12877548,0.10854236,0.11004314,0.11348204,0.11474431,0.10917495
C_a090_k1_tau005,C,90,0,0,False,1,0.05,,texture,1,-1,1.0,0.0,0.0,-0.011024878974159836,0.7917131113699484,1.0,1.0,0.0,0,-0.2609463721302722,3.6858580640627423,-0.021243244271065116,0.04906719,0.045599572,0.047693517,0.04696634,0.040239662,0.04847634,0.052054483,0.07435537,0.08874665,0.12638971,0.10721406,0.108777195,0.1123472,0.113425486,0.10796169
C_a090_k1_tau010,C,90,0,0,False,1,0.1,,texture,1,-1,1.0,0.0,0.0,-0.011231199130417703,0.8007648003458092,1.0,1.0,0.0,0,-0.2512717002661967,3.638578427490398,-0.03321196462737956,0.04879634,0.0454961,0.047137026,0.046062462,0.040451765,0.047665007,0.051568188,0.074278295,0.08806673,0.12520409,0.1079868,0.1100986,0.11352625,0.11408689,0.10919764
C_a090_k1_tau020,C,90,0,0,False,1,0.2,,texture,1,-1,0.97,0.0,0.03,-0.012738037787209722,0.8035160542801606,0.955353337776134,0.955,-0.02598076211353315,0,-0.16666779969184223,3.412014318892101,-0.11535642489564406,0.046068944,0.043396134,0.044761647,0.042486,0.040090427,0.048052993,0.05238276,0.082916595,0.0973537,0.13077362,0.1129047,0.114420645,0.11724706,0.11638717,0.111894265
C_a090_k1_tau030,C,90,0,0,False,1,0.3,,texture,1,-1,0.93,0.0,0.07,-0.015968797259959637,0.810391401468109,0.8970507232035433,0.895,-0.06062177826491069,0,-0.10621042053607434,3.077132969320713,-0.17186472937961603,0.046017706,0.041694693,0.042888768,0.03937448,0.039620783,0.054596283,0.056827016,0.09574426,0.112156935,0.14538026,0.12591031,0.12724675,0.12945321,0.13024557,0.12173118
C_a090_k1_tau050,C,90,0,0,False,1,0.5,,texture,1,-1,0.98,0.0,0.02,-0.018712048349118392,0.8160374019307091,0.9701546268507922,0.97,-0.01732050807568877,0,-0.43910199285653667,2.824531774643875,-0.28851767173942716,0.056764953,0.047365166,0.04856376,0.043351173,0.033102393,0.075253844,0.07147877,0.11305477,0.13139793,0.16828662,0.1552798,0.15708514,0.16160348,0.16155912,0.14658672
C_a090_k1_tau075,C,90,0,0,False,1,0.75,,texture,1,-1,0.78,0.0,0.22,-0.022705534983093283,0.791832464346313,0.6965629906907198,0.6699999999999999,-0.19052558883257645,0,-0.2969158305989037,1.3927283922749552,-0.2075037536601912,0.05099886,0.04390639,0.047701176,0.04365448,0.03212705,0.102153674,0.111896984,0.13199137,0.14360608,0.1696054,0.14543375,0.14307104,0.14673603,0.14641362,0.13400365
C_a090_k1_tau100,C,90,0,0,False,1,1.0,,texture,1,-1,0.93,0.0,0.07,-0.01706251869342483,0.8330077797074678,0.8970507232035433,0.895,-0.06062177826491069,0,-0.5881731345542676,1.962923720955003,-0.0562200241894678,0.06181089,0.052023582,0.05509413,0.051241264,0.033764936,0.09208601,0.0919561,0.11272075,0.12657107,0.15256041,0.14068417,0.14451827,0.15183127,0.15287898,0.14230104
C_a090_k2_tau000,C,90,0,0,False,2,0.0,,texture,1,-1,1.0,0.0,0.0,-0.011254143230991082,0.7861865803534334,1.0,1.0,0.0,0,-0.28188770691481435,3.7497371173029896,-0.02041601285073513,0.049219362,0.04573017,0.047719263,0.046952397,0.039808046,0.048252743,0.051731948,0.07434389,0.08974682,0.12877548,0.10854236,0.11004314,0.11348204,0.11474431,0.10917495
C_a090_k2_tau005,C,90,0,0,False,2,0.05,,texture,1,-1,1.0,0.0,0.0,-0.012678024113703106,0.7666827579971661,1.0,1.0,0.0,0,-0.41379879919906376,3.870703605772736,-0.057136275364366974,0.05150997,0.047568705,0.04863634,0.04693615,0.037919402,0.049240485,0.052157454,0.074379414,0.09391471,0.14120719,0.11821311,0.1182593,0.12214459,0.1293302,0.114453495
C_a090_k2_tau010,C,90,0,0,False,2,0.1,,texture,1,-1,0.77,0.23,0.0,-0.024851441170915485,0.7712221658444414,0.6846166810705098,0.655,0.1991858428704209,0,-0.37628053992936195,1.4260302136385392,-0.09789733100329233,0.06079369,0.055251967,0.054854177,0.051608805,0.038123973,0.043425385,0.040378816,0.050069742,0.05699656,0.10708143,0.15867479,0.15847114,0.16116321,0.16763525,0.15157613
C_a090_k2_tau020,C,90,0,0,False,2,0.2,,texture,1,-1,0.0,0.21,0.79,0.030512322820292474,0.7601129522674941,0.7087312607751969,-0.5000000000000003,-0.5022947341949743,2,0.37621478402463726,-0.5431223341575486,0.07258040330782538,0.0720019,0.065709695,0.064664766,0.060542736,0.04472984,0.04341351,0.040456258,0.045527603,0.04753681,0.07205767,0.18820734,0.19186428,0.19377929,0.19977583,0.18555287
C_a090_k2_tau030,C,90,0,0,False,2,0.3,,texture,1,-1,0.0,0.2,0.8,0.032853628343809976,0.797685028648496,0.7211102550927979,-0.5000000000000003,-0.5196152422706629,2,0.42900617609838243,-0.3182588526664753,0.05928340178412027,0.075682186,0.069281876,0.06696708,0.061350413,0.04370751,0.04220923,0.038902853,0.043683235,0.044982426,0.05883108,0.19959255,0.19822109,0.20192084,0.20550251,0.19323441
C_a090_k2_tau050,C,90,0,0,False,2,0.5,,texture,1,-1,0.0,0.21,0.79,0.03240120149171328,0.7966595858001607,0.7087312607751969,-0.5000000000000003,-0.5022947341949743,2,0.3779428928714148,-0.15056248369592884,-0.06685216858048165,0.06480546,0.060483143,0.0589021,0.053662233,0.03838304,0.03790262,0.035361335,0.04159281,0.044956923,0.04373987,0.19448945,0.18062729,0.19138175,0.1999931,0.18197495
C_a090_k2_tau075,C,90,0,0,False,2,0.75,,texture,1,-1,0.0,0.22,0.78,0.03486478122251878,0.7821820970138459,0.69656299069072,-0.5000000000000003,-0.4849742261192854,2,0.34617137347190435,-0.20772055427800865,-0.08376948259253059,0.06492175,0.05861219,0.05639576,0.05106008,0.036887955,0.038543507,0.03608249,0.043477606,0.047932524,0.0487004,0.20573111,0.18993148,0.20469505,0.2080176,0.19451137
C_a090_k2_tau100,C,90,0,0,False,2,1.0,,texture,1,-1,0.0,0.25,0.75,0.030430057040762567,0.7570079944891086,0.6614378277661477,-0.5000000000000002,-0.4330127018922191,2,0.3557422024143061,-0.15410251015600432,-0.1909153584599009,0.064486116,0.05805167,0.0571284,0.05217793,0.038621392,0.049761996,0.046438865,0.056427203,0.060360204,0.054259613,0.18685442,0.16391051,0.19460592,0.19505444,0.17507419
D_a000_down,D,0,0,0,False,-1,-1.0,down,texture,1,-1,0.0,0.04,0.96,-0.005127327781869529,0.5961710167482379,0.9406380813043876,-0.5000000000000004,-0.7967433714816832,2,3.639388738382408,-0.29466410611159616,-0.021979747794849378,0.059924617,0.0438767,0.057112142,0.06868084,0.07600492,0.08435967,0.06506663,0.06952048,0.07055061,0.06180976,0.04867102,0.03645774,0.036579486,0.03392397,0.037125587
D_a000_small,D,0,0,0,False,-1,-1.0,small,texture,1,-1,0.8,0.2,0.0,0.0038125644874609545,0.41004459483947486,0.7211102550927979,0.7000000000000001,0.17320508075688776,0,-2.1961790432734927,1.5426085805665142,-2.1389067800523134,0.050923537,0.048310913,0.05536879,0.058107793,0.06341885,0.07557537,0.0490227,0.050132208,0.04637129,0.039023142,0.04772829,0.03122098,0.033126447,0.036099695,0.04583304
D_a000_up,D,0,0,0,False,-1,-1.0,up,texture,1,-1,0.0,0.02,0.98,-0.004816148347134431,0.6941364280160833,0.9701546268507923,-0.5000000000000004,-0.8313843876330609,2,3.599137328800959,0.6987683053237734,1.1593188730592023,0.061763436,0.045301706,0.05930955,0.06860227,0.07595926,0.083265565,0.06272531,0.07562859,0.07805884,0.06846875,0.050005328,0.038222,0.04322083,0.04498512,0.048506774
D_a030_down,D,30,0,0,False,-1,-1.0,down,texture,1,-1,0.42,0.0,0.58,-0.007401401587611532,0.87897376376549,0.5188448708429136,0.12999999999999973,-0.5022947341949742,2,0.44803446223744847,1.4939459339557226,1.209556348753217,0.04887636,0.046653844,0.049905263,0.05087083,0.0527779,0.058616877,0.06391056,0.075239345,0.0817691,0.08322751,0.05353961,0.048014984,0.055293318,0.05843019,0.064371355
D_a030_small,D,30,0,0,False,-1,-1.0,small,texture,1,-1,0.23,0.39,0.38,-0.005820946097848819,0.4033893017187725,0.15524174696260032,-0.15500000000000008,0.008660254037844484,1,-0.21839149130892513,2.2052924490455013,3.005961857376898,0.059543308,0.057576746,0.057062022,0.05847744,0.0546566,0.055596437,0.04096945,0.05388247,0.058905493,0.06401818,0.042463157,0.040687613,0.047837675,0.059135087,0.07062102
D_a030_up,D,30,0,0,False,-1,-1.0,up,texture,1,-1,0.37,0.12,0.51,-0.010610963562929452,0.7771151039396105,0.3421987726453733,0.05499999999999983,-0.3377499074759309,2,0.24473958001811827,1.6756589262478447,1.7700179638001234,0.057786867,0.052863155,0.055757396,0.05545663,0.057994563,0.056197718,0.06330752,0.07824134,0.084689714,0.09560487,0.048847668,0.045896128,0.05636007,0.066301,0.07896905
D_a060_down,D,60,0,0,False,-1,-1.0,down,texture,1,-1,0.91,0.09,0.0,-0.007119199367805982,0.44193511742204994,0.8685044617041413,0.8650000000000001,0.07794228634059948,0,-0.4589633105811713,5.863072744773386,-1.02985085784433,0.046893768,0.03972424,0.04014572,0.039741926,0.033569187,0.033661354,0.026173323,0.042792443,0.05799015,0.10145518,0.10342462,0.07718903,0.07451214,0.07227759,0.063820764
D_a060_small,D,60,0,0,False,-1,-1.0,small,texture,1,-1,0.98,0.0,0.02,-0.0052970949501387615,0.4250341443758039,0.9701546268507922,0.97,-0.01732050807568877,0,-0.5315820598820048,6.908559748929463,-0.1478738727435834,0.050894406,0.038710363,0.03708846,0.03771563,0.033082128,0.045183025,0.033493113,0.04994163,0.06342566,0.09942731,0.0920773,0.065936506,0.06502313,0.06839346,0.06330557
D_a060_up,D,60,0,0,False,-1,-1.0,up,texture,1,-1,0.75,0.25,0.0,-0.009390188210397648,0.4686778976632857,0.6614378277661477,0.625,0.21650635094610968,0,-1.1318653136165235,4.276703112451153,0.047479095224101375,0.05929967,0.04922547,0.0458207,0.04034429,0.030599445,0.029060937,0.022227945,0.038371075,0.053118672,0.09458714,0.10077779,0.07799865,0.07837792,0.081509,0.07781285
D_a090_down,D,90,0,0,False,-1,-1.0,down,texture,1,-1,0.94,0.0,0.06,-0.007647798131636343,0.7943579257477211,0.9114823092084672,0.9099999999999999,-0.0519615242270663,0,0.1299533386868943,3.5165386446874307,-0.46723941565688326,0.043541376,0.041785,0.046901856,0.047713075,0.04343394,0.05664571,0.049541347,0.06563841,0.073463835,0.09887031,0.084603,0.08627651,0.089610726,0.089609034,0.07937619
D_a090_small,D,90,0,0,False,-1,-1.0,small,texture,1,-1,0.74,0.26,0.0,-0.007620374706735634,0.7669199232274052,0.6502307282803544,0.6100000000000001,0.22516660498395408,0,0.04044032628162903,2.547185954456479,1.0893947372140838,0.059239537,0.04768706,0.050080936,0.048634686,0.048768654,0.04634534,0.040797986,0.050007865,0.05692336,0.07625371,0.0743944,0.07262224,0.0774688,0.08629219,0.0858309
D_a090_up,D,90,0,0,False,-1,-1.0,up,texture,1,-1,0.89,0.11,0.0,-0.016209242584116504,0.8086697415422734,0.8404165633779478,0.8350000000000001,0.09526279441628825,0,-0.46915140104530023,2.495919019760833,-0.033193312461382386,0.06004449,0.04959714,0.04817547,0.04410647,0.036242526,0.044860914,0.046251357,0.07139655,0.08693219,0.119336106,0.12310074,0.130711,0.13427186,0.13810055,0.12839395
