cell,tau,changed_px,changed_px_strong
C_a000_k0,0.0,0,0
C_a000_k0,0.05,25,20
C_a000_k0,0.1,76,73
C_a000_k0,0.2,233,227
C_a000_k0,0.3,515,509
C_a000_k0,0.5,1344,1325
C_a000_k0,0.75,2852,2789
C_a000_k0,1.0,3536,3451
C_a000_k1,0.0,0,0
C_a000_k1,0.05,24,16
C_a000_k1,0.1,71,56
C_a000_k1,0.2,244,215
C_a000_k1,0.3,516,477
C_a000_k1,0.5,1363,1324
C_a000_k1,0.75,2877,2835
C_a000_k1,1.0,3535,3493
C_a000_k2,0.0,0,0
C_a000_k2,0.05,24,24
C_a000_k2,0.1,72,72
C_a000_k2,0.2,245,245
C_a000_k2,0.3,518,515
C_a000_k2,0.5,1367,1349
C_a000_k2,0.75,2879,2862
C_a000_k2,1.0,3525,3515
C_a030_k0,0.0,0,0
C_a030_k0,0.05,24,21
C_a030_k0,0.1,71,67
C_a030_k0,0.2,244,237
C_a030_k0,0.3,516,509
C_a030_k0,0.5,1363,1327
C_a030_k0,0.75,2877,2800
C_a030_k0,1.0,3535,3461
C_a030_k1,0.0,0,0
C_a030_k1,0.05,24,10
C_a030_k1,0.1,72,47
C_a030_k1,0.2,245,195
C_a030_k1,0.3,518,460
C_a030_k1,0.5,1367,1307
C_a030_k1,0.75,2879,2816
C_a030_k1,1.0,3525,3462
C_a030_k2,0.0,0,0
C_a030_k2,0.05,25,25
C_a030_k2,0.1,76,76
C_a030_k2,0.2,233,233
C_a030_k2,0.3,515,511
C_a030_k2,0.5,1344,1333
C_a030_k2,0.75,2852,2834
C_a030_k2,1.0,3536,3516
C_a060_k0,0.0,0,0
C_a060_k0,0.05,24,22
C_a060_k0,0.1,72,72
C_a060_k0,0.2,245,242
C_a060_k0,0.3,518,518
C_a060_k0,0.5,1366,1338
C_a060_k0,0.75,2878,2802
C_a060_k0,1.0,3524,3458
C_a060_k1,0.0,0,0
C_a060_k1,0.05,25,9
C_a060_k1,0.1,76,47
C_a060_k1,0.2,233,207
C_a060_k1,0.3,515,466
C_a060_k1,0.5,1344,1311
C_a060_k1,0.75,2852,2810
C_a060_k1,1.0,3536,3494
C_a060_k2,0.0,0,0
C_a060_k2,0.05,24,24
C_a060_k2,0.1,71,71
C_a060_k2,0.2,244,244
C_a060_k2,0.3,516,511
C_a060_k2,0.5,1363,1343
C_a060_k2,0.75,2877,2853
C_a060_k2,1.0,3535,3515
C_a090_k0,0.0,0,0
C_a090_k0,0.05,25,20
C_a090_k0,0.1,76,73
C_a090_k0,0.2,233,227
C_a090_k0,0.3,515,509
C_a090_k0,0.5,1344,1325
C_a090_k0,0.75,2852,2789
C_a090_k0,1.0,3536,3451
C_a090_k1,0.0,0,0
C_a090_k1,0.05,24,16
C_a090_k1,0.1,71,56
C_a090_k1,0.2,244,215
C_a090_k1,0.3,516,477
C_a090_k1,0.5,1363,1324
C_a090_k1,0.75,2877,2835
C_a090_k1,1.0,3535,3493
C_a090_k2,0.0,0,0
C_a090_k2,0.05,24,24
C_a090_k2,0.1,72,72
C_a090_k2,0.2,245,245
C_a090_k2,0.3,518,515
C_a090_k2,0.5,1367,1349
C_a090_k2,0.75,2879,2862
C_a090_k2,1.0,3525,3515
