model,erode,stat,sum_e_median,sum_e_iqr_lo,sum_e_iqr_hi,control_tear_at_gap
dav2-s,1,median,-0.024472116760687047,-0.15321914623319494,0.10033015408345766,1.0
dav2-s,3,median,-0.017875840930810707,-0.15396453637893745,0.1005270121882908,1.0
dav2-s,5,median,-0.01763726931233209,-0.14905296722378683,0.10147932720118084,1.0
dav2-s,3,mean,0.08710744829973124,-0.06100730725932642,0.22734309195287447,1.0
dav2-b,1,median,0.03329149242043206,-0.04722388988389587,0.1318286124877554,1.0
dav2-b,3,median,0.03722979844503374,-0.04510992623781605,0.13530760989721083,1.0
dav2-b,5,median,0.03943514033064812,-0.0405136392562309,0.13517488186928392,1.0
dav2-b,3,mean,0.13606753001393415,0.0479097438328769,0.23608282266194075,1.0
dav2-l,1,median,0.03889565309392777,-0.021329307987971762,0.12087641531944103,1.0
dav2-l,3,median,0.04014223920603815,-0.020027217719660453,0.12054587592038538,1.0
dav2-l,5,median,0.04158159010974063,-0.019373019887878012,0.12164541052103707,1.0
dav2-l,3,mean,0.09475631334190092,0.028558988459853135,0.19204596927784365,1.0
lotus-d,1,median,-0.06861134769615965,-0.21688948569081778,0.10611939154867849,1.0
lotus-d,3,median,-0.06694730218272069,-0.20995263265494385,0.11241870102722376,1.0
lotus-d,5,median,-0.06189552186552654,-0.20883441961222887,0.11873383696350105,1.0
lotus-d,3,mean,0.03750155870776256,-0.11576813757000809,0.20801535928502213,1.0
e2eft,1,median,0.32556703109185625,0.19936467627004972,0.47209104555214804,1.0
e2eft,3,median,0.3219729925646344,0.19536072460447132,0.4668309261043918,1.0
e2eft,5,median,0.3223771561862859,0.19166390174341552,0.47318173917787565,1.0
e2eft,3,mean,0.3884859299905915,0.28920546197439356,0.5117828329519041,1.0
dpt-l,1,median,0.08883264546347902,-0.18285436116743276,0.32952104105085533,0.875
dpt-l,3,median,0.09142699215192435,-0.17373567661846384,0.32155572078708405,0.875
dpt-l,5,median,0.08805805491514403,-0.16320262661761956,0.3225622758399793,0.875
dpt-l,3,mean,0.11743393641271094,-0.1254094055394033,0.4063849447917822,0.875
zoe,1,median,0.1188103475120149,-0.1109122641877057,0.31100986267827446,1.0
zoe,3,median,0.123954150486562,-0.11858279357119858,0.30376953587955374,1.0
zoe,5,median,0.11627271631013547,-0.12864435482420555,0.28995125825914114,1.0
zoe,3,mean,0.19132074584104108,-0.0615924942003975,0.3646370502336088,1.0
